old_table,old_field,new_table,new_field,data_type,size,nullable,is_primary_key,note
Expense Object List,ExObject ID,CostObject,Id,VARCHAR,10,YES,true,
Expense Object List,ExObject Name,CostObject,ObjectName,VARCHAR,50,YES,false,
Expense Object List,syncronizeFlag,CostObject,Syncronizeflag,BIT,1,NO,false,
tblStockLedger,Bill ID,InvestmentLedger,JournalVoucherId,INTEGER,10,YES,false,
tblStockLedger,Bill No,InvestmentLedger,VoucherNo,VARCHAR,10,YES,false,
tblStockLedger,Bill Date,InvestmentLedger,VoucherDate,DATETIME,19,YES,false,
tblStockLedger,Contents,InvestmentLedger,Contents,VARCHAR,100,YES,false,
tblStockLedger,DQuantity,InvestmentLedger,Dquantity,DOUBLE,53,YES,false,
tblStockLedger,CQuantity,InvestmentLedger,Cquantity,DOUBLE,53,YES,false,
tblStockLedger,DPrice,InvestmentLedger,Dprice,DOUBLE,53,YES,false,
tblStockLedger,CPrice,InvestmentLedger,Cprice,DOUBLE,53,YES,false,
tblStockLedger,DAmount,InvestmentLedger,Damount,DOUBLE,53,YES,false,
tblStockLedger,CAmount,InvestmentLedger,Camount,DOUBLE,53,YES,false,
tblStockLedger,EndQty,InvestmentLedger,Endqty,DOUBLE,53,YES,false,
tblStockLedger,EndAmount,InvestmentLedger,Endamount,DOUBLE,53,YES,false,
Special Value,Account ID,SpecialValue,AccountId,VARCHAR,10,YES,false,
Special Value,Customer ID,SpecialValue,CustomerId,VARCHAR,10,YES,false,
Special Value,BeginBalance,SpecialValue,Beginbalance,DOUBLE,53,YES,false,
Special Value,InBalance,SpecialValue,Inbalance,DOUBLE,53,YES,false,
Special Value,EndBalance,SpecialValue,Endbalance,DOUBLE,53,YES,false,
Special Value,BeginDebit,SpecialValue,Begindebit,DOUBLE,53,YES,false,
Special Value,BeginCredit,SpecialValue,Begincredit,DOUBLE,53,YES,false,
Special Value,InDebit,SpecialValue,Indebit,DOUBLE,53,YES,false,
Special Value,InCredit,SpecialValue,Incredit,DOUBLE,53,YES,false,
Special Value,EndDebit,SpecialValue,Enddebit,DOUBLE,53,YES,false,
Special Value,EndCredit,SpecialValue,Endcredit,DOUBLE,53,YES,false,
tblVat,LineID,VatEntry,Lineid,COUNTER,10,NO,true,
tblVat,ID,VatEntry,Id,INTEGER,10,YES,false,
tblVat,SerialNo,VatEntry,Serialno,VARCHAR,30,YES,false,
tblVat,VATBillNo,VatEntry,Vatbillno,VARCHAR,30,YES,false,
tblVat,VATBillDate,VatEntry,Vatbilldate,DATETIME,19,YES,false,
tblVat,VATObjectName,VatEntry,Vatobjectname,VARCHAR,50,YES,false,
tblVat,VATObjectID,VatEntry,Vatobjectid,VARCHAR,10,YES,false,
tblVat,TaxNo,VatEntry,Taxno,VARCHAR,50,YES,false,
tblVat,VATDescription,VatEntry,Vatdescription,VARCHAR,255,YES,false,
tblVat,Amount,VatEntry,Amount,DOUBLE,53,YES,false,
tblVat,Rate,VatEntry,Rate,DOUBLE,53,YES,false,
tblVat,Type,VatEntry,Type,SMALLINT,5,YES,false,
tblVat,Remark,VatEntry,Remark,VARCHAR,255,YES,false,
tblVat,TaxRateID,VatEntry,Taxrateid,SMALLINT,5,YES,false,
tblVat,CatID,VatEntry,Catid,SMALLINT,5,YES,false,
tblVat,BeforeTaxAmount,VatEntry,Beforetaxamount,DOUBLE,53,YES,false,
Asset Input Line,ID,AssetDetail,JournalEntryId,INTEGER,10,YES,false,
Asset Input Line,Asset ID,AssetDetail,AssetId,VARCHAR,10,YES,false,
Asset Input Line,Quantity,AssetDetail,Quantity,DOUBLE,53,YES,false,
Asset Input Line,Price,AssetDetail,Price,DOUBLE,53,YES,false,
Asset Input Line,SrCode,AssetDetail,Srcode,VARCHAR,10,YES,false,
Asset Input Line,ReasonID,AssetDetail,Reasonid,VARCHAR,10,YES,false,
Year Cash Flow Balance,PrevBeginBalance,CashFlowYearBalance,Prevbeginbalance,DOUBLE,53,YES,false,
Year Cash Flow Balance,ThisBeginBalance,CashFlowYearBalance,Thisbeginbalance,DOUBLE,53,YES,false,
tblStockTypes,StockTypeID,StockType,Stocktypeid,SMALLINT,5,YES,true,
tblStockTypes,Description,StockType,Description,VARCHAR,50,YES,false,
List of Month,Month,FinancialMonth,Month,COUNTER,10,NO,true,
List of Month,Month Name,FinancialMonth,MonthName,VARCHAR,50,YES,false,
Bills,BIll ID,JournalVoucher,Id,COUNTER,10,NO,true,
Bills,Bill No,JournalVoucher,VoucherNo,VARCHAR,10,YES,false,
Bills,Bill Date,JournalVoucher,VoucherDate,DATETIME,19,YES,false,
Bills,Contents,JournalVoucher,Contents,VARCHAR,100,YES,false,
Bills,Flag,JournalVoucher,Flag,BIT,1,NO,false,
Bills,BookFlag,JournalVoucher,Bookflag,BIT,1,NO,false,
Bills,PersonName,JournalVoucher,Personname,VARCHAR,50,YES,false,
Bills,PersonAddress,JournalVoucher,Personaddress,VARCHAR,255,YES,false,
Bills,InvoicesNumber,JournalVoucher,Invoicesnumber,VARCHAR,2,YES,false,
Bills,PayMentBank,JournalVoucher,Paymentbank,VARCHAR,150,YES,false,
Bills,PaymentAcc,JournalVoucher,Paymentacc,VARCHAR,50,YES,false,
Bills,RecievedCorp,JournalVoucher,Recievedcorp,VARCHAR,150,YES,false,
Bills,RecievedBank,JournalVoucher,Recievedbank,VARCHAR,150,YES,false,
Bills,RecievedAcc,JournalVoucher,Recievedacc,VARCHAR,50,YES,false,
Bills,marked,JournalVoucher,Marked,BIT,1,NO,false,
Bills,Outtableflag,JournalVoucher,Outtableflag,BIT,1,NO,false,
Currency List,Currency ID,Currency,CurrencyId,VARCHAR,10,YES,true,
Currency List,Currency Name,Currency,CurrencyName,VARCHAR,20,YES,false,
Account List,Account ID,ChartOfAccount,AccountId,VARCHAR,10,YES,true,
Account List,Account Name,ChartOfAccount,AccountName,VARCHAR,50,YES,false,
Account List,Splite,ChartOfAccount,Splite,BIT,1,NO,false,
Account List,Category ID,ChartOfAccount,CategoryId,VARCHAR,10,YES,false,
Account List,Parrent,ChartOfAccount,ParentId,VARCHAR,10,YES,false,
Account List,TaxFlag,ChartOfAccount,Taxflag,BIT,1,NO,false,
Account List,DispFlag,ChartOfAccount,Dispflag,INTEGER,10,YES,false,
Account List,OutTableFlag,ChartOfAccount,Outtableflag,BIT,1,NO,false,
Material Input Bill,ID,InventoryVoucher,JournalEntryId,INTEGER,10,YES,false,
Material Input Bill,MID,InventoryVoucher,Id,COUNTER,10,NO,true,
Material Input Bill,Warehouse ID,InventoryVoucher,WarehouseId,VARCHAR,10,YES,false,
Material Input Bill,TaxFlag,InventoryVoucher,Taxflag,BIT,1,NO,false,
Material Input Bill,VatObjectID,InventoryVoucher,Vatobjectid,VARCHAR,10,YES,false,
Material Input Bill,VATObjectName,InventoryVoucher,Vatobjectname,VARCHAR,50,YES,false,
Material Input Bill,VATBillNo,InventoryVoucher,Vatbillno,VARCHAR,10,YES,false,
Material Input Bill,VATBillDate,InventoryVoucher,Vatbilldate,DATETIME,19,YES,false,
Material Input Bill,VATMaterialDes,InventoryVoucher,Vatmaterialdes,VARCHAR,50,YES,false,
Material Input Bill,VATAddress,InventoryVoucher,Vataddress,VARCHAR,50,YES,false,
Material Input Bill,TaxNo,InventoryVoucher,Taxno,VARCHAR,20,YES,false,
Material Input Bill,PrintFlag,InventoryVoucher,Printflag,BIT,1,NO,false,
Material Input Bill,SerialNo,InventoryVoucher,Serialno,VARCHAR,50,YES,false,
Material Input Bill,Carrier,InventoryVoucher,Carrier,VARCHAR,100,YES,false,
Material Input Bill,ExObject ID,InventoryVoucher,ExobjectId,VARCHAR,10,YES,false,
Material Input Bill,InOutNumber,InventoryVoucher,Inoutnumber,VARCHAR,10,YES,false,
Reason List,ReasonID,Reason,Reasonid,VARCHAR,10,YES,true,
Reason List,Reason Name,Reason,ReasonName,VARCHAR,50,YES,false,
Reason List,Flag,Reason,Flag,BIT,1,NO,false,
Expense Atribute List,Expense Atribute ID,CostElement,Id,VARCHAR,10,YES,true,
Expense Atribute List,Expense Atribute Name,CostElement,ElementName,VARCHAR,50,YES,false,
Expense Atribute List,TaxFlag,CostElement,Taxflag,BIT,1,NO,false,
TaxRateList,TaxRateID,TaxRate,Taxrateid,INTEGER,10,YES,true,
TaxRateList,TaxRateDes,TaxRate,Taxratedes,VARCHAR,50,YES,false,
TaxRateList,Rate,TaxRate,Rate,DOUBLE,53,YES,false,
Cash Flow List,Cash Flow ID,CashFlowCategory,Id,COUNTER,10,NO,true,
Cash Flow List,Cash Flow  Name,CashFlowCategory,CashFlowName,VARCHAR,100,YES,false,
Cash Flow List,Cash Flow  Name (Repeate),CashFlowCategory,CashFlowNameRepeate,VARCHAR,100,YES,false,
Currency Input Line,ID,CurrencyDetail,JournalEntryId,INTEGER,10,YES,false,
Currency Input Line,Currency ID,CurrencyDetail,CurrencyId,VARCHAR,10,YES,false,
Currency Input Line,Quantity,CurrencyDetail,Quantity,DOUBLE,53,YES,false,
Currency Input Line,Exchange Rate,CurrencyDetail,ExchangeRate,DOUBLE,53,YES,false,
tblUsers,user,SystemUser,User,VARCHAR,20,YES,true,
tblUsers,Remarks,SystemUser,Remarks,VARCHAR,255,YES,false,
Asset List,Asset ID,Asset,AssetId,VARCHAR,10,YES,true,
Asset List,Asset Handle,Asset,AssetHandle,VARCHAR,10,YES,false,
Asset List,Asset Name,Asset,AssetName,VARCHAR,50,YES,false,
Asset List,Date,Asset,Date,DATETIME,19,YES,false,
Asset List,Unit,Asset,Unit,VARCHAR,10,YES,false,
Asset List,TimeUsing,Asset,Timeusing,DOUBLE,53,YES,false,
Asset List,Country,Asset,Country,VARCHAR,50,YES,false,
Asset List,Qty,Asset,Qty,DOUBLE,53,YES,false,
Asset List,Price,Asset,Price,DOUBLE,53,YES,false,
PrevCash Flow,Cash Flow ID,CashFlowPreviousPeriod,CashFlowId,INTEGER,10,YES,false,
PrevCash Flow,Cash Flow  Name,CashFlowPreviousPeriod,CashFlowName,VARCHAR,50,YES,false,
PrevCash Flow,Code,CashFlowPreviousPeriod,Code,VARCHAR,50,YES,true,
PrevCash Flow,Items ID,CashFlowPreviousPeriod,ItemsId,INTEGER,10,YES,false,
PrevCash Flow,Items Name,CashFlowPreviousPeriod,ItemsName,VARCHAR,50,YES,false,
PrevCash Flow,Bold,CashFlowPreviousPeriod,Bold,VARCHAR,50,YES,false,
PrevCash Flow,Italic,CashFlowPreviousPeriod,Italic,VARCHAR,50,YES,false,
PrevCash Flow,Cash Flow  Name (Repeate),CashFlowPreviousPeriod,CashFlowNameRepeate,VARCHAR,50,YES,false,
PrevCash Flow,Amount,CashFlowPreviousPeriod,Amount,DOUBLE,53,YES,false,
AssetTracking,AssetTrackingID,AssetTracking,Assettrackingid,COUNTER,10,NO,true,
AssetTracking,Asset ID,AssetTracking,AssetId,VARCHAR,10,YES,false,
AssetTracking,DeptID,AssetTracking,Deptid,VARCHAR,10,YES,false,
AssetTracking,TimeUsing,AssetTracking,Timeusing,DOUBLE,53,YES,false,
AssetTracking,Country,AssetTracking,Country,VARCHAR,50,YES,false,
AssetTracking,Qty,AssetTracking,Qty,DOUBLE,53,YES,false,
AssetTracking,DepPrice,AssetTracking,Depprice,DOUBLE,53,YES,false,
AssetTracking,RemainValue,AssetTracking,Remainvalue,DOUBLE,53,YES,false,
AssetTracking,DepRate,AssetTracking,Deprate,DOUBLE,53,YES,false,
AssetTracking,AsAccount ID,AssetTracking,AsaccountId,VARCHAR,10,YES,false,
AssetTracking,ExAccount ID,AssetTracking,ExaccountId,VARCHAR,10,YES,false,
AssetTracking,ExObject ID,AssetTracking,ExobjectId,VARCHAR,10,YES,false,
AssetTracking,BeginDate,AssetTracking,Begindate,DATETIME,19,YES,false,
AssetTracking,EndDate,AssetTracking,Enddate,DATETIME,19,YES,false,
tblStocks,StockID,Stock,Stockid,VARCHAR,10,YES,true,
tblStocks,StockTypeID,Stock,Stocktypeid,SMALLINT,5,YES,false,
tblStocks,Description,Stock,Description,VARCHAR,50,YES,false,
Account Balance Entries,Asset Or Capital ID,ReportItem,ReportCategoryId,INTEGER,10,YES,false,
Account Balance Entries,Entry ID,ReportItem,Id,COUNTER,10,NO,true,
Account Balance Entries,Entry Name,ReportItem,EntryName,VARCHAR,50,YES,false,
Account Balance Entries,Code,ReportItem,Code,VARCHAR,10,YES,false,
Origin,Origin ID,ReportSection,Id,COUNTER,10,NO,true,
Origin,Origin Name,ReportSection,SectionName,VARCHAR,50,YES,false,
Origin,InDebit,ReportSection,Indebit,BIT,1,NO,false,
Liability Ledger,Bill ID,DebtLedger,JournalVoucherId,INTEGER,10,YES,false,
Liability Ledger,Bill No,DebtLedger,VoucherNo,VARCHAR,10,YES,false,
Liability Ledger,Bill Date,DebtLedger,VoucherDate,DATETIME,19,YES,false,
Liability Ledger,Contents,DebtLedger,Contents,VARCHAR,100,YES,false,
Liability Ledger,Debit,DebtLedger,Debit,DOUBLE,53,YES,false,
Liability Ledger,Credit,DebtLedger,Credit,DOUBLE,53,YES,false,
Liability Ledger,Customer ID,DebtLedger,CustomerId,VARCHAR,10,YES,false,
Liability Ledger,Liability Things ID,DebtLedger,LiabilityThingsId,VARCHAR,10,YES,false,
Liability Ledger,EndBalance,DebtLedger,Endbalance,DOUBLE,53,YES,false,
AssetTrackingDep,Asset ID,AssetTrackingDepreciation,AssetId,VARCHAR,10,YES,true,
AssetTrackingDep,DeptID,AssetTrackingDepreciation,Deptid,VARCHAR,10,YES,false,
AssetTrackingDep,TimeUsing,AssetTrackingDepreciation,Timeusing,DOUBLE,53,YES,false,
AssetTrackingDep,Qty,AssetTrackingDepreciation,Qty,DOUBLE,53,YES,false,
AssetTrackingDep,DepPrice,AssetTrackingDepreciation,Depprice,DOUBLE,53,YES,false,
AssetTrackingDep,RemainValue,AssetTrackingDepreciation,Remainvalue,DOUBLE,53,YES,false,
AssetTrackingDep,DepRate,AssetTrackingDepreciation,Deprate,DOUBLE,53,YES,false,
AssetTrackingDep,AsAccount ID,AssetTrackingDepreciation,AsaccountId,VARCHAR,10,YES,false,
AssetTrackingDep,ExAccount ID,AssetTrackingDepreciation,ExaccountId,VARCHAR,10,YES,false,
AssetTrackingDep,ExObject ID,AssetTrackingDepreciation,ExobjectId,VARCHAR,10,YES,false,
AssetTrackingDep,BeginDate,AssetTrackingDepreciation,Begindate,DATETIME,19,YES,false,
AssetTrackingDep,EndDate,AssetTrackingDepreciation,Enddate,DATETIME,19,YES,false,
Customer List,Customer ID,Partner,Id,VARCHAR,10,YES,true,
Customer List,Customer Name,Partner,CustomerName,VARCHAR,50,YES,false,
Customer List,Address,Partner,Address,VARCHAR,255,YES,false,
Customer List,PhoneNumber,Partner,Phonenumber,VARCHAR,30,YES,false,
Customer List,FaxNumber,Partner,Faxnumber,VARCHAR,30,YES,false,
Customer List,Note,Partner,Note,LONGCHAR,1073741823,YES,false,
Customer List,TaxNo,Partner,Taxno,VARCHAR,50,YES,false,
Customer List,IsEmployee,Partner,Isemployee,BIT,1,NO,false,
PrevBussiness,Items ID,PreviousBusinessPeriod,ItemsId,INTEGER,10,YES,false,
PrevBussiness,Code,PreviousBusinessPeriod,Code,VARCHAR,50,YES,true,
PrevBussiness,Items Name,PreviousBusinessPeriod,ItemsName,VARCHAR,50,YES,false,
PrevBussiness,Bold,PreviousBusinessPeriod,Bold,VARCHAR,50,YES,false,
PrevBussiness,Italic,PreviousBusinessPeriod,Italic,VARCHAR,50,YES,false,
PrevBussiness,PrevYearAmount,PreviousBusinessPeriod,Prevyearamount,DOUBLE,53,YES,false,
PrevBussiness,Illu,PreviousBusinessPeriod,Illu,VARCHAR,10,YES,false,
ExObject Customer Input Line,Line ID,CustomerExportLine,LineId,INTEGER,10,YES,true,
ExObject Customer Input Line,Customer ID,CustomerExportLine,CustomerId,VARCHAR,10,YES,false,
ExObject Customer Input Line,Liability Things ID,CustomerExportLine,DebtTypeId,VARCHAR,10,YES,false,
ExObject Customer Input Line,LiabilityReasonID,CustomerExportLine,DebtReasonId,INTEGER,10,YES,false,
ExObject Customer Input Line,InterestFlag,CustomerExportLine,Interestflag,BIT,1,NO,false,
ExObject Customer Input Line,LiabilityDate,CustomerExportLine,Liabilitydate,DATETIME,19,YES,false,
Asset Or Capital,Asset Or Capital ID,ReportCategory,Id,COUNTER,10,NO,true,
Asset Or Capital,Origin ID,ReportCategory,ReportSectionId,INTEGER,10,YES,false,
Asset Or Capital,Asset Or Capital Name,ReportCategory,CategoryName,VARCHAR,50,YES,false,
Asset Or Capital,Code,ReportCategory,Code,VARCHAR,10,YES,false,
Balance Sheet,Account ID,TrialBalance,AccountId,VARCHAR,10,YES,false,
Balance Sheet,Category ID,TrialBalance,CategoryId,VARCHAR,1,YES,false,
Balance Sheet,BeginDebit,TrialBalance,Begindebit,DOUBLE,53,YES,false,
Balance Sheet,BeginCredit,TrialBalance,Begincredit,DOUBLE,53,YES,false,
Balance Sheet,IntDebit,TrialBalance,Intdebit,DOUBLE,53,YES,false,
Balance Sheet,IntCredit,TrialBalance,Intcredit,DOUBLE,53,YES,false,
Balance Sheet,EndDebit,TrialBalance,Enddebit,DOUBLE,53,YES,false,
Balance Sheet,EndCredit,TrialBalance,Endcredit,DOUBLE,53,YES,false,
Balance Sheet,Splite,TrialBalance,Splite,INTEGER,10,YES,false,
Exchange Rate,Month,ExchangeRate,Month,SMALLINT,5,YES,false,
Exchange Rate,Currency ID,ExchangeRate,CurrencyId,VARCHAR,10,YES,false,
Exchange Rate,,ExchangeRate,Id,COUNTER,10,NO,true,SURROGATE_KEY
Exchange Rate,Exchange Rate,ExchangeRate,ExchangeRate,DOUBLE,53,YES,false,
Currency Liability Line,Line ID,CurrencyLiabilityLine,LineId,INTEGER,10,YES,true,
Currency Liability Line,Currency ID,CurrencyLiabilityLine,CurrencyId,VARCHAR,10,YES,false,
Currency Liability Line,Quantity,CurrencyLiabilityLine,Quantity,DOUBLE,53,YES,false,
Currency Liability Line,Exchange Rate,CurrencyLiabilityLine,ExchangeRate,DOUBLE,53,YES,false,
Warehouse List,Warehouse ID,Warehouse,WarehouseId,VARCHAR,10,YES,true,
Warehouse List,Warehouse Name,Warehouse,WarehouseName,VARCHAR,50,YES,false,
Warehouse List,Place,Warehouse,Place,VARCHAR,255,YES,false,
Transaction List,ID,JournalEntry,Id,COUNTER,10,NO,true,
Transaction List,version,JournalEntry,Version,INTEGER,10,YES,false,
Transaction List,Bill ID,JournalEntry,JournalVoucherId,INTEGER,10,YES,false,
Transaction List,Account ID,JournalEntry,AccountId,VARCHAR,10,YES,false,
Transaction List,Amount,JournalEntry,Amount,DOUBLE,53,YES,false,
Transaction List,ParentId,JournalEntry,ParentId,INTEGER,10,YES,false,
Transaction List,DBCR,JournalEntry,Dbcr,SMALLINT,5,YES,false,
Transaction List,CreateUser,JournalEntry,Createuser,VARCHAR,20,YES,false,
Transaction List,ModifyUser,JournalEntry,Modifyuser,VARCHAR,20,YES,false,
Transaction List,ModifiedAmount,JournalEntry,Modifiedamount,VARCHAR,50,YES,false,
Transaction List,CreateDate,JournalEntry,Createdate,DATETIME,19,YES,false,
Transaction List,ModifyDate,JournalEntry,Modifydate,DATETIME,19,YES,false,
Depreciation Table,Asset ID,Depreciation,AssetId,VARCHAR,10,YES,false,
Depreciation Table,SrCode,Depreciation,Srcode,VARCHAR,10,YES,false,
Depreciation Table,Rest,Depreciation,Rest,DOUBLE,53,YES,false,
Depreciation Table,RestQty,Depreciation,Restqty,DOUBLE,53,YES,false,
Depreciation Table,Amount ,Depreciation,Amount,DOUBLE,53,YES,false,
Depreciation Table,flag,Depreciation,Flag,INTEGER,10,YES,false,
Counter Accounts,ID,CounterAccounts,Id,COUNTER,10,NO,true,
Counter Accounts,Bill ID,CounterAccounts,JournalVoucherId,INTEGER,10,YES,false,
Counter Accounts,Account ID,CounterAccounts,AccountId,VARCHAR,10,YES,false,
Counter Accounts,Amount,CounterAccounts,Amount,DOUBLE,53,YES,false,
Counter Accounts,ParentId,CounterAccounts,ParentId,LONGCHAR,1073741823,YES,false,
Counter Accounts,DBCR,CounterAccounts,Dbcr,SMALLINT,5,YES,false,
Expense Tax Line,LineID,ExpenseTaxLine,Lineid,INTEGER,10,YES,true,
Expense Tax Line,TaxRateID,ExpenseTaxLine,Taxrateid,SMALLINT,5,YES,false,
Expense Tax Line,Rate,ExpenseTaxLine,Rate,DOUBLE,53,YES,false,
Expense Tax Line,VATObjectID,ExpenseTaxLine,Vatobjectid,VARCHAR,10,YES,false,
Expense Tax Line,VATObjectName,ExpenseTaxLine,Vatobjectname,VARCHAR,50,YES,false,
Expense Tax Line,VATAddress,ExpenseTaxLine,Vataddress,VARCHAR,50,YES,false,
Expense Tax Line,TaxNo,ExpenseTaxLine,Taxno,VARCHAR,20,YES,false,
Expense Tax Line,VATBillNo,ExpenseTaxLine,Vatbillno,VARCHAR,10,YES,false,
Expense Tax Line,VATBillDate,ExpenseTaxLine,Vatbilldate,DATETIME,19,YES,false,
Expense Tax Line,PrintFlag,ExpenseTaxLine,Printflag,BIT,1,NO,false,
Material Price List,Material ID,MaterialPrice,MaterialId,VARCHAR,20,YES,false,
Material Price List,Warehouse ID,MaterialPrice,WarehouseId,VARCHAR,10,YES,false,
Material Price List,Price,MaterialPrice,Price,DOUBLE,53,YES,false,
Material Price List,,MaterialPrice,Id,COUNTER,10,NO,true,SURROGATE_KEY
Material Price List,Quantity,MaterialPrice,Quantity,DOUBLE,53,YES,false,
userAccounts,Account ID,UserAccount,AccountId,VARCHAR,10,YES,false,
userAccounts,user,UserAccount,User,VARCHAR,20,YES,false,
userAccounts,,UserAccount,Id,COUNTER,10,NO,true,SURROGATE_KEY
Interest,Bill ID,Interest,JournalVoucherId,INTEGER,10,YES,false,
Interest,Bill No,Interest,VoucherNo,VARCHAR,10,YES,false,
Interest,Bill Date,Interest,VoucherDate,DATETIME,19,YES,false,
Interest,Contents,Interest,Contents,VARCHAR,100,YES,false,
Interest,Line ID,Interest,LineId,INTEGER,10,YES,false,
Interest,Amount,Interest,Amount,DOUBLE,53,YES,false,
Interest,DBCR,Interest,Dbcr,INTEGER,10,YES,false,
Interest,Customer ID,Interest,CustomerId,VARCHAR,10,YES,false,
Interest,Liability Things ID,Interest,LiabilityThingsId,VARCHAR,10,YES,false,
Interest,Interest,Interest,Interest,DOUBLE,53,YES,false,
Interest,DayNo,Interest,Dayno,INTEGER,10,YES,false,
Interest,Balance,Interest,Balance,DOUBLE,53,YES,false,
Interest,InterestBalance,Interest,Interestbalance,DOUBLE,53,YES,false,
Interest,LiabilityReasonID,Interest,Liabilityreasonid,INTEGER,10,YES,false,
Interest,InterestFlag,Interest,Interestflag,INTEGER,10,YES,false,
Liability Things,Liability Things ID,DebtType,Id,VARCHAR,10,YES,true,
Liability Things,Liability Thing Name,DebtType,TypeName,VARCHAR,50,YES,false,
Liability Things,syncronizeFlag,DebtType,Syncronizeflag,BIT,1,NO,false,
Expense Object Input Line,LineID,CostDetail,Id,COUNTER,10,NO,true,
Expense Object Input Line,ID,CostDetail,JournalEntryId,INTEGER,10,YES,false,
Expense Object Input Line,ExObject ID,CostDetail,CostObjectId,VARCHAR,10,YES,false,
Expense Object Input Line,Amount,CostDetail,Amount,DOUBLE,53,YES,false,
Expense Object Input Line,Expense Atribute ID,CostDetail,CostElementId,VARCHAR,10,YES,false,
Expense Object Input Line,TransFlag,CostDetail,Transflag,BIT,1,NO,false,
Expense Object Input Line,SerialNo,CostDetail,Serialno,VARCHAR,50,YES,false,
Expense Object Input Line,LiabilityFlag,CostDetail,Liabilityflag,BIT,1,NO,false,
ExAsset Bills,Bill ID,AssetExportVoucher,JournalVoucherId,INTEGER,10,YES,false,
ExAsset Bills,ExObject ID,AssetExportVoucher,ExobjectId,VARCHAR,10,YES,false,
ExAsset Bills,Account ID,AssetExportVoucher,AccountId,VARCHAR,10,YES,false,
ExAsset Bills,Counter Account ID,AssetExportVoucher,CounterAccountId,VARCHAR,10,YES,false,
ExMaterial Bills,Bill ID,InventoryExportVoucher,JournalVoucherId,INTEGER,10,YES,false,
ExMaterial Bills,ExObject ID,InventoryExportVoucher,ExobjectId,VARCHAR,10,YES,false,
Material Input Line,LineID,InventoryVoucherLine,Id,COUNTER,10,NO,true,
Material Input Line,MID,InventoryVoucherLine,InventoryVoucherId,INTEGER,10,YES,false,
Material Input Line,Material ID,InventoryVoucherLine,MaterialId,VARCHAR,20,YES,false,
Material Input Line,Purpose,InventoryVoucherLine,Purpose,SMALLINT,5,YES,false,
Material Input Line,Quantity,InventoryVoucherLine,Quantity,DOUBLE,53,YES,false,
Material Input Line,Price,InventoryVoucherLine,Price,DOUBLE,53,YES,false,
Obligation List,Obligation ID,TaxObligation,Id,COUNTER,10,NO,true,
Obligation List,Obligation Name,TaxObligation,ObligationName,VARCHAR,50,YES,false,
Currency Ledger,Bill ID,CurrencyLedger,JournalVoucherId,INTEGER,10,YES,false,
Currency Ledger,Bill No,CurrencyLedger,VoucherNo,VARCHAR,10,YES,false,
Currency Ledger,Bill Date,CurrencyLedger,VoucherDate,DATETIME,19,YES,false,
Currency Ledger,Contents,CurrencyLedger,Contents,VARCHAR,100,YES,false,
Currency Ledger,DQuantity,CurrencyLedger,Dquantity,DOUBLE,53,YES,false,
Currency Ledger,CQuantity,CurrencyLedger,Cquantity,DOUBLE,53,YES,false,
Currency Ledger,DRate,CurrencyLedger,Drate,DOUBLE,53,YES,false,
Currency Ledger,CRate,CurrencyLedger,Crate,DOUBLE,53,YES,false,
Currency Ledger,DAmount,CurrencyLedger,Damount,DOUBLE,53,YES,false,
Currency Ledger,CAmount,CurrencyLedger,Camount,DOUBLE,53,YES,false,
Currency Ledger,Flag,CurrencyLedger,Flag,INTEGER,10,YES,false,
Currency Ledger,EndQty,CurrencyLedger,Endqty,DOUBLE,53,YES,false,
Currency Ledger,EndAmount,CurrencyLedger,Endamount,DOUBLE,53,YES,false,
Asset Ledger,Bill ID,AssetLedger,JournalVoucherId,INTEGER,10,YES,false,
Asset Ledger,Bill No,AssetLedger,VoucherNo,VARCHAR,10,YES,false,
Asset Ledger,Bill Date,AssetLedger,VoucherDate,DATETIME,19,YES,false,
Asset Ledger,Contents,AssetLedger,Contents,VARCHAR,100,YES,false,
Asset Ledger,DQuantity,AssetLedger,Dquantity,DOUBLE,53,YES,false,
Asset Ledger,CQuantity,AssetLedger,Cquantity,DOUBLE,53,YES,false,
Asset Ledger,DPrice,AssetLedger,Dprice,DOUBLE,53,YES,false,
Asset Ledger,CPrice,AssetLedger,Cprice,DOUBLE,53,YES,false,
Asset Ledger,DAmount,AssetLedger,Damount,DOUBLE,53,YES,false,
Asset Ledger,CAmount,AssetLedger,Camount,DOUBLE,53,YES,false,
Asset Ledger,Flag,AssetLedger,Flag,INTEGER,10,YES,false,
Asset Ledger,EndQty,AssetLedger,Endqty,DOUBLE,53,YES,false,
Asset Ledger,EndAmount,AssetLedger,Endamount,DOUBLE,53,YES,false,
Security Table,User Name,SecurityPolicy,UserName,VARCHAR,20,YES,false,
Security Table,Security Level,SecurityPolicy,SecurityLevel,VARCHAR,20,YES,false,
Material Tax Line,Line ID,MaterialTaxLine,LineId,INTEGER,10,YES,true,
Material Tax Line,Sell Price,MaterialTaxLine,SellPrice,DOUBLE,53,YES,false,
Material Tax Line,TaxRateID,MaterialTaxLine,Taxrateid,SMALLINT,5,YES,false,
Material Tax Line,Rate,MaterialTaxLine,Rate,DOUBLE,53,YES,false,
Account Balance,Items ID,ReportFormula,Id,COUNTER,10,NO,true,
Account Balance,Items Name,ReportFormula,ItemsName,VARCHAR,50,YES,false,
Account Balance,Order,ReportFormula,Order,BYTE,3,YES,false,
Account Balance,Code,ReportFormula,Code,VARCHAR,10,YES,false,
Account Balance,formula,ReportFormula,Formula,VARCHAR,50,YES,false,
Account Balance,Entry ID,ReportFormula,ReportItemId,INTEGER,10,YES,false,
Account Balance,Calculate,ReportFormula,Calculate,BIT,1,NO,false,
Account Balance,Print,ReportFormula,Print,BIT,1,NO,false,
Account Balance,Illu,ReportFormula,Illu,VARCHAR,10,YES,false,
Account Balance,LongorShortTerm,ReportFormula,Longorshortterm,INTEGER,10,YES,false,
Customer Input Line,Line ID,DebtDetail,Id,COUNTER,10,NO,true,
Customer Input Line,ID,DebtDetail,JournalEntryId,INTEGER,10,YES,false,
Customer Input Line,Customer ID,DebtDetail,PartnerId,VARCHAR,10,YES,false,
Customer Input Line,Liability Things ID,DebtDetail,DebtTypeId,VARCHAR,10,YES,false,
Customer Input Line,Amount,DebtDetail,Amount,DOUBLE,53,YES,false,
Customer Input Line,Currency,DebtDetail,Currency,BIT,1,NO,false,
Customer Input Line,LiabilityReasonID,DebtDetail,DebtReasonId,INTEGER,10,YES,false,
Customer Input Line,InterestFlag,DebtDetail,Interestflag,BIT,1,NO,false,
Customer Input Line,LiabilityDate,DebtDetail,Liabilitydate,DATETIME,19,YES,false,
CategoriesList,CategoryID,Category,Categoryid,VARCHAR,10,YES,true,
CategoriesList,CategoryName,Category,Categoryname,VARCHAR,50,YES,false,
CategoriesList,TaxRateID,Category,Taxrateid,SMALLINT,5,YES,false,
General Ledger,Bill ID,GeneralLedger,JournalVoucherId,INTEGER,10,YES,false,
General Ledger,Bill No,GeneralLedger,VoucherNo,VARCHAR,10,YES,false,
General Ledger,Bill Date,GeneralLedger,VoucherDate,DATETIME,19,YES,false,
General Ledger,Contents,GeneralLedger,Contents,VARCHAR,100,YES,false,
General Ledger,Debit,GeneralLedger,Debit,DOUBLE,53,YES,false,
General Ledger,Credit,GeneralLedger,Credit,DOUBLE,53,YES,false,
General Ledger,Counter Account ID,GeneralLedger,CounterAccountId,VARCHAR,10,YES,false,
General Ledger,EndBalance,GeneralLedger,Endbalance,DOUBLE,53,YES,false,
InterestRate,EndDate,InterestRate,Enddate,DATETIME,19,YES,true,
InterestRate,Rate,InterestRate,Rate,DOUBLE,53,YES,false,
Expence Object Ledger,Bill ID,CostLedger,JournalVoucherId,INTEGER,10,YES,false,
Expence Object Ledger,Bill No,CostLedger,VoucherNo,VARCHAR,10,YES,false,
Expence Object Ledger,Bill Date,CostLedger,VoucherDate,DATETIME,19,YES,false,
Expence Object Ledger,Contents,CostLedger,Contents,VARCHAR,100,YES,false,
Expence Object Ledger,Debit,CostLedger,Debit,DOUBLE,53,YES,false,
Expence Object Ledger,Credit,CostLedger,Credit,DOUBLE,53,YES,false,
Expence Object Ledger,ExObject ID,CostLedger,ExobjectId,VARCHAR,10,YES,false,
Expence Object Ledger,Expense Atribute ID,CostLedger,ExpenseAtributeId,VARCHAR,10,YES,false,
Expence Object Ledger,EndBalance,CostLedger,Endbalance,DOUBLE,53,YES,false,
Liability Due,Customer ID,LiabilityDue,CustomerId,VARCHAR,10,YES,false,
Liability Due,Liability Things ID,LiabilityDue,LiabilityThingsId,VARCHAR,10,YES,false,
Liability Due,,LiabilityDue,Id,COUNTER,10,NO,true,SURROGATE_KEY
Liability Due,Begin Date,LiabilityDue,BeginDate,DATETIME,19,YES,false,
Liability Due,End Date,LiabilityDue,EndDate,DATETIME,19,YES,false,
Liability Due,Remark,LiabilityDue,Remark,LONGCHAR,1073741823,YES,false,
Liability Due,InterestRate,LiabilityDue,Interestrate,DOUBLE,53,YES,false,
Liability Due,FeedBackRate,LiabilityDue,Feedbackrate,DOUBLE,53,YES,false,
Liability Due,OutVatRate,LiabilityDue,Outvatrate,DOUBLE,53,YES,false,
Liability Due,SettledFlag,LiabilityDue,Settledflag,BIT,1,NO,false,
Material Ledger,Bill ID,InventoryLedger,JournalVoucherId,INTEGER,10,YES,false,
Material Ledger,Bill No,InventoryLedger,VoucherNo,VARCHAR,10,YES,false,
Material Ledger,Bill Date,InventoryLedger,VoucherDate,DATETIME,19,YES,false,
Material Ledger,Contents,InventoryLedger,Contents,VARCHAR,100,YES,false,
Material Ledger,DQuantity,InventoryLedger,Dquantity,DOUBLE,53,YES,false,
Material Ledger,CQuantity,InventoryLedger,Cquantity,DOUBLE,53,YES,false,
Material Ledger,DPrice,InventoryLedger,Dprice,DOUBLE,53,YES,false,
Material Ledger,CPrice,InventoryLedger,Cprice,DOUBLE,53,YES,false,
Material Ledger,DAmount,InventoryLedger,Damount,DOUBLE,53,YES,false,
Material Ledger,CAmount,InventoryLedger,Camount,DOUBLE,53,YES,false,
Material Ledger,EndQty,InventoryLedger,Endqty,DOUBLE,53,YES,false,
Material Ledger,EndAmount,InventoryLedger,Endamount,DOUBLE,53,YES,false,
Material List,Material ID,InventoryItem,MaterialId,VARCHAR,20,YES,true,
Material List,Material Name,InventoryItem,MaterialName,VARCHAR,255,YES,false,
Material List,Unit,InventoryItem,Unit,VARCHAR,10,YES,false,
Material List,CategoryID,InventoryItem,Categoryid,VARCHAR,10,YES,false,
Cost Calculating Book List,Book ID,CostCalculatingBook,Id,COUNTER,10,NO,true,
Cost Calculating Book List,Book Name,CostCalculatingBook,BookName,VARCHAR,50,YES,false,
Department List,DeptID,Department,Deptid,VARCHAR,10,YES,true,
Department List,Dept Name,Department,DeptName,VARCHAR,50,YES,false,
Source List,SrCode,Source,Srcode,VARCHAR,10,YES,true,
Source List,SrName,Source,Srname,VARCHAR,50,YES,false,
InterestDetail,Line ID,InterestDetail,LineId,INTEGER,10,YES,false,
InterestDetail,BeginDate,InterestDetail,Begindate,DATETIME,19,YES,false,
InterestDetail,EndDate,InterestDetail,Enddate,DATETIME,19,YES,false,
InterestDetail,Interest,InterestDetail,Interest,DOUBLE,53,YES,false,
InterestDetail,Amount,InterestDetail,Amount,DOUBLE,53,YES,false,
InterestDetail,Rate,InterestDetail,Rate,DOUBLE,53,YES,false,
tblStockLine,LineID,InvestmentDetail,Lineid,COUNTER,10,NO,true,
tblStockLine,ID,InvestmentDetail,JournalEntryId,INTEGER,10,YES,false,
tblStockLine,Stockid,InvestmentDetail,Stockid,VARCHAR,10,YES,false,
tblStockLine,StockStoreid,InvestmentDetail,Stockstoreid,SMALLINT,5,YES,false,
tblStockLine,Customer ID,InvestmentDetail,CustomerId,VARCHAR,10,YES,false,
tblStockLine,Quantity,InvestmentDetail,Quantity,DOUBLE,53,YES,false,
tblStockLine,InPrice,InvestmentDetail,Inprice,DOUBLE,53,YES,false,
tblStockLine,OutPrice,InvestmentDetail,Outprice,DOUBLE,53,YES,false,
tblStockLine,OtherExpense,InvestmentDetail,Otherexpense,DOUBLE,53,YES,false,
tblStockLine,OriginAmount,InvestmentDetail,Originamount,DOUBLE,53,YES,false,
Cash Flow Balance,PrevBeginBalance,CashFlowBalance,Prevbeginbalance,DOUBLE,53,YES,false,
Cash Flow Balance,PrevEndBalance,CashFlowBalance,Prevendbalance,DOUBLE,53,YES,false,
Cash Flow Balance,ThisBeginBalance,CashFlowBalance,Thisbeginbalance,DOUBLE,53,YES,false,
Cash Flow Balance,ThisEndBalance,CashFlowBalance,Thisendbalance,DOUBLE,53,YES,false,
LiabilityReason,LiabilityReasonID,DebtReason,Liabilityreasonid,COUNTER,10,NO,true,
LiabilityReason,ReasonName,DebtReason,Reasonname,VARCHAR,50,YES,false,
LiabilityReason,Visible,DebtReason,Visible,BIT,1,NO,false,
Customer Input Line,,DebtDetail,LiabilityDueId,LONG,10,YES,false,NEW_FK
ExObject Customer Input Line,,CustomerExportLine,LiabilityDueId,LONG,10,YES,false,NEW_FK
Interest,,Interest,LiabilityDueId,LONG,10,YES,false,NEW_FK
Liability Ledger,,DebtLedger,LiabilityDueId,LONG,10,YES,false,NEW_FK
Obligation Items,Items ID,TaxObligationItem,Id,COUNTER,10,NO,true,
Obligation Items,Obligation ID,TaxObligationItem,TaxObligationId,INTEGER,10,YES,false,
Obligation Items,Items Name,TaxObligationItem,ItemName,VARCHAR,255,YES,false,
Obligation Items,Code,TaxObligationItem,Code,VARCHAR,255,YES,false,
Account and Obligation Items,Items ID,AccountTaxObligation,TaxObligationItemId,INTEGER,10,YES,false,
Account and Obligation Items,Account ID,AccountTaxObligation,AccountId,VARCHAR,10,YES,false,
Account and Obligation Items,CounterAccountID,AccountTaxObligation,CounterAccountId,VARCHAR,10,YES,false,
Account and Obligation Items,Add,AccountTaxObligation,IsAdd,BIT,1,NO,false,
Account and Obligation Items,Method,AccountTaxObligation,Method,INTEGER,10,YES,false,
Account and Obligation Items,Col,AccountTaxObligation,ColIndex,INTEGER,10,YES,false,
Business Result Items,Items ID,BusinessResultItem,Id,COUNTER,10,NO,true,
Business Result Items,Items Name,BusinessResultItem,ItemName,VARCHAR,255,YES,false,
Business Result Items,Bold,BusinessResultItem,IsBold,BIT,1,NO,false,
Business Result Items,Italic,BusinessResultItem,IsItalic,BIT,1,NO,false,
Business Result Items,Decrease,BusinessResultItem,IsDecrease,BIT,1,NO,false,
Business Result Items,Code,BusinessResultItem,Code,VARCHAR,255,YES,false,
Business Result Items,Illu,BusinessResultItem,Illustration,VARCHAR,255,YES,false,
Account And Business Items,Items ID,AccountBusinessResult,BusinessResultItemId,INTEGER,10,YES,false,
Account And Business Items,Account ID,AccountBusinessResult,AccountId,VARCHAR,10,YES,false,
Account And Business Items,Counter Account ID,AccountBusinessResult,CounterAccountId,VARCHAR,10,YES,false,
Account And Business Items,Method,AccountBusinessResult,Method,INTEGER,10,YES,false,
Account And Business Items,Add,AccountBusinessResult,IsAdd,BIT,1,NO,false,
Cash Flow Items,Cash Flow ID,CashFlowItem,CashFlowCategoryId,INTEGER,10,YES,false,
Cash Flow Items,Items ID,CashFlowItem,Id,COUNTER,10,NO,true,
Cash Flow Items,Items Name,CashFlowItem,ItemName,VARCHAR,255,YES,false,
Cash Flow Items,Bold,CashFlowItem,IsBold,BIT,1,NO,false,
Cash Flow Items,Italic,CashFlowItem,IsItalic,BIT,1,NO,false,
Cash Flow Items,DBCR,CashFlowItem,DBCR,BIT,1,NO,false,
Cash Flow Items,Code,CashFlowItem,Code,VARCHAR,255,YES,false,
Cash Flow Items,Illu,CashFlowItem,Illustration,VARCHAR,255,YES,false,
Account And Cash Flow Items,Items ID,AccountCashFlowItem,CashFlowItemId,INTEGER,10,YES,false,
Account And Cash Flow Items,Account ID,AccountCashFlowItem,AccountId,VARCHAR,10,YES,false,
Account And Cash Flow Items,Counter Account ID,AccountCashFlowItem,CounterAccountId,VARCHAR,10,YES,false,
Account And Cash Flow Items,DBCR,AccountCashFlowItem,DBCR,BIT,1,NO,false,
Cost Calculating Items,Book ID,CostCalculatingItem,CostCalculatingBookId,INTEGER,10,YES,false,
Cost Calculating Items,Items ID,CostCalculatingItem,Id,COUNTER,10,NO,true,
Cost Calculating Items,Items Name,CostCalculatingItem,ItemName,VARCHAR,255,YES,false,
Cost Calculating Items,Code,CostCalculatingItem,Code,VARCHAR,255,YES,false,
Account And Cost Calculating Items,Items ID,AccountCostCalculatingItem,CostCalculatingItemId,INTEGER,10,YES,false,
Account And Cost Calculating Items,Account ID,AccountCostCalculatingItem,AccountId,VARCHAR,10,YES,false,
Account And Cost Calculating Items,Method,AccountCostCalculatingItem,Method,INTEGER,10,YES,false,
Account And Cost Calculating Items,Add,AccountCostCalculatingItem,IsAdd,BIT,1,NO,false,
Dynamic Book List,Book ID,CustomCostReport,Id,COUNTER,10,NO,true,
Dynamic Book List,Book Name,CustomCostReport,BookName,VARCHAR,50,YES,false,
Dynamic Book List,BookType,CustomCostReport,BookType,INTEGER,10,YES,false,
Dynamic Book List,DBCR,CustomCostReport,DBCR,INTEGER,10,YES,false,
Dynamic Book And Account,ID,CustomCostReportAccount,Id,COUNTER,10,NO,true,
Dynamic Book And Account,Book ID,CustomCostReportAccount,CustomCostReportId,INTEGER,10,YES,false,
Dynamic Book And Account,Account ID,CustomCostReportAccount,AccountId,VARCHAR,10,YES,false,
VAT Declare Items,Items ID,VatDeclareItem,Id,COUNTER,10,NO,true,
VAT Declare Items,Items Name,VatDeclareItem,ItemName,VARCHAR,255,YES,false,
VAT Declare Items,Bold,VatDeclareItem,IsBold,BIT,1,NO,false,
VAT Declare Items,Italic,VatDeclareItem,IsItalic,BIT,1,NO,false,
VAT Declare Items,Code,VatDeclareItem,Code,VARCHAR,255,YES,false,
Account and VAT Declare Items,Items ID,AccountVatDeclareItem,VatDeclareItemId,INTEGER,10,YES,false,
Account and VAT Declare Items,Account ID,AccountVatDeclareItem,AccountId,VARCHAR,10,YES,false,
Account and VAT Declare Items,Counter Account ID,AccountVatDeclareItem,CounterAccountId,VARCHAR,10,YES,false,
Account and VAT Declare Items,Method,AccountVatDeclareItem,Method,INTEGER,10,YES,false,
Account and VAT Declare Items,Add,AccountVatDeclareItem,IsAdd,BIT,1,NO,false,
Account and VAT Declare Items,Column No,AccountVatDeclareItem,ColumnNo,INTEGER,10,YES,false,
VAT3 Tax Items,Items ID,Vat3TaxItem,Id,COUNTER,10,NO,true,
VAT3 Tax Items,Items Name,Vat3TaxItem,ItemName,VARCHAR,255,YES,false,
VAT3 Tax Items,Bold,Vat3TaxItem,IsBold,BIT,1,NO,false,
VAT3 Tax Items,Italic,Vat3TaxItem,IsItalic,BIT,1,NO,false,
VAT3 Tax Items,Code,Vat3TaxItem,Code,VARCHAR,255,YES,false,
Account and VAT3 Items,Items ID,AccountVat3Item,Vat3TaxItemId,INTEGER,10,YES,false,
Account and VAT3 Items,Account ID,AccountVat3Item,AccountId,VARCHAR,10,YES,false,
Account and VAT3 Items,Counter Account ID,AccountVat3Item,CounterAccountId,VARCHAR,10,YES,false,
Account and VAT3 Items,Method,AccountVat3Item,Method,INTEGER,10,YES,false,
Account and VAT3 Items,Add,AccountVat3Item,IsAdd,BIT,1,NO,false,
